learner,frac,qini
S-learner,0.0,0.0
S-learner,0.003279200499687695,0.5
S-learner,0.00655840099937539,6.851063829787234
S-learner,0.009837601499063086,8.21875
S-learner,0.01311680199875078,13.188235294117646
S-learner,0.016396002498438474,17.373831775700936
S-learner,0.01967520299812617,16.4375
S-learner,0.022954403497813865,17.05263157894737
S-learner,0.02623360399750156,18.448275862068964
S-learner,0.029512804497189255,16.340206185567013
S-learner,0.03279200499687695,23.5
S-learner,0.036071205496564646,26.764705882352942
S-learner,0.03935040599625234,28.53488372093023
S-learner,0.04262960649594004,28.1067615658363
S-learner,0.04590880699562773,29.813114754098358
S-learner,0.049188007495315426,28.584615384615383
S-learner,0.05246720799500312,29.10344827586207
S-learner,0.05574640849469082,30.70967741935484
S-learner,0.05902560899437851,30.42857142857143
S-learner,0.06230480949406621,29.38983050847458
S-learner,0.0655840099937539,31.888888888888893
S-learner,0.0688632104934416,37.38461538461539
S-learner,0.07214241099312929,36.58490566037736
S-learner,0.075421611492817,34.43661971830986
S-learner,0.07870081199250469,41.351351351351354
S-learner,0.08198001249219238,41.37662337662338
S-learner,0.08525921299188008,42.63636363636364
S-learner,0.08853841349156777,44.604095563139936
S-learner,0.09181761399125546,46.04628099173553
S-learner,0.09509681449094316,47.50961538461539
S-learner,0.09837601499063085,50.16666666666667
S-learner,0.10165521549031856,53.968796433878154
S-learner,0.10493441599000625,56.96969696969697
S-learner,0.10821361648969394,62.65638148667601
S-learner,0.11149281698938164,64.2672064777328
S-learner,0.11477201748906933,65.65789473684211
S-learner,0.11805121798875702,69.09302325581395
S-learner,0.12133041848844472,70.92911392405063
S-learner,0.12460961898813241,72.10344827586206
S-learner,0.1278888194878201,74.95698924731182
S-learner,0.1311680199875078,80.04918032786885
S-learner,0.1344472204871955,83.84982935153585
S-learner,0.1377264209868832,86.75977653631284
S-learner,0.1410056214865709,87.57049180327868
S-learner,0.14428482198625858,88.04477611940298
S-learner,0.14756402248594627,85.69565217391305
S-learner,0.150843222985634,84.87385554425228
S-learner,0.15412242348532168,86.97125867195243
S-learner,0.15740162398500937,85.84780487804878
S-learner,0.16068082448469706,84.41954022988506
S-learner,0.16396002498438475,85.07865168539325
S-learner,0.16723922548407247,85.8076923076923
S-learner,0.17051842598376016,87.53237410071942
S-learner,0.17379762648344785,88.18012422360249
S-learner,0.17707682698313554,91.70157068062828
S-learner,0.18035602748282323,93.63450042698548
S-learner,0.18363522798251092,96.07035175879398
S-learner,0.18691442848219864,93.375
S-learner,0.19019362898188633,100.40632603406326
S-learner,0.19347282948157402,101.09546539379477
S-learner,0.1967520299812617,98.23076923076923
S-learner,0.2000312304809494,100.6515034695451
S-learner,0.2033104309806371,102.40121120363361
S-learner,0.2065896314803248,106.4172876304024
S-learner,0.2098688319800125,106.63343108504398
S-learner,0.21314803247970018,106.84848484848484
S-learner,0.21642723297938787,106.66571834992888
S-learner,0.2197064334790756,110.50104821802935
S-learner,0.22298563397876328,113.55801104972377
S-learner,0.22626483447845097,117.04907975460122
S-learner,0.22954403497813866,119.72064777327935
S-learner,0.23282323547782635,117.93882978723403
S-learner,0.23610243597751404,118.9495081967213
S-learner,0.23938163647720176,123.24238496435515
S-learner,0.24266083697688945,123.46006389776358
S-learner,0.24594003747657714,123.77890082122553
S-learner,0.24921923797626483,123.77556109725685
S-learner,0.25249843847595255,125.44594594594594
S-learner,0.2557776389756402,127.54893617021276
S-learner,0.2590568394753279,130.7852429514097
S-learner,0.2623360399750156,133.10979228486647
S-learner,0.2656152404747033,132.66197183098592
S-learner,0.268894440974391,137.1001737116387
S-learner,0.2721736414740787,135.44240687679084
S-learner,0.2754528419737664,137.66213921901527
S-learner,0.27873204247345407,137.44096250699496
S-learner,0.2820112429731418,141.78060941828255
S-learner,0.2852904434728295,140.32242225859247
S-learner,0.28856964397251716,143.5245283018868
S-learner,0.2918488444722049,142.08858057630738
S-learner,0.29512804497189254,141.65610142630746
S-learner,0.29840724547158026,145.43491897543126
S-learner,0.301686445971268,144.0
S-learner,0.30496564647095564,148.4398976982097
S-learner,0.30824484697064336,152.4555160142349
S-learner,0.311524047470331,154.37367624810895
S-learner,0.31480324797001874,158.73163418290852
S-learner,0.31808244846970646,161.7507418397626
S-learner,0.3213616489693941,162.33512983831457
S-learner,0.32464084946908184,164.85403576607055
S-learner,0.3279200499687695,168.8755980861244
S-learner,0.3311992504684572,173.89673140691613
S-learner,0.33447845096814494,171.09282700421943
S-learner,0.3377576514678326,175.25488372093025
S-learner,0.3410368519675203,174.8656853725851
S-learner,0.344316052467208,181.15311222171744
S-learner,0.3475952529668957,183.7896629213483
S-learner,0.35087445346658336,186.0
S-learner,0.3541536539662711,185.2106654914059
S-learner,0.3574328544659588,188.78933566433568
S-learner,0.36071205496564646,190.578856152513
S-learner,0.3639912554653342,192.5792185487334
S-learner,0.36727045596502184,198.53134328358206
S-learner,0.37054965646470955,201.26779661016946
S-learner,0.37382885696439727,201.43836769036602
S-learner,0.37710805746408493,206.08454810495627
S-learner,0.38038725796377265,205.87732342007436
S-learner,0.3836664584634603,202.68847097301716
S-learner,0.38694565896314803,199.51558073654388
S-learner,0.39022485946283575,201.08433734939757
S-learner,0.3935040599625234,203.2516952532908
S-learner,0.39678326046221113,202.37638668779715
S-learner,0.4000624609618988,205.23577873675947
S-learner,0.4033416614615865,204.5968056096611
S-learner,0.4066208619612742,204.3726323927329
S-learner,0.4099000624609619,206.59026446914527
S-learner,0.4131792629606496,210.2449677174326
S-learner,0.41645846346033727,212.6807228915663
S-learner,0.419737663960025,216.42306252339944
S-learner,0.4230168644597127,216.47274749721913
S-learner,0.42629606495940037,219.01918111398004
S-learner,0.4295752654590881,219.4059985369422
S-learner,0.43285446595877575,224.48695652173916
S-learner,0.43613366645846346,224.11853448275866
S-learner,0.4394128669581512,228.50749464668093
S-learner,0.44269206745783884,228.6739978715857
S-learner,0.44597126795752656,229.2325581395349
S-learner,0.4492504684572142,232.6029411764706
S-learner,0.45252966895690194,231.85744016649323
S-learner,0.4558088694565896,234.42660234321158
S-learner,0.4590880699562773,235.87179487179486
S-learner,0.46236727045596504,239.3012211668928
S-learner,0.4656464709556527,237.0471698113207
S-learner,0.4689256714553404,238.6985294117647
S-learner,0.4722048719550281,238.69996681048787
S-learner,0.4754840724547158,241.95065789473682
S-learner,0.4787632729544035,243.94805619078733
S-learner,0.4820424734540912,245.52272727272725
S-learner,0.4853216739537789,247.26978998384487
S-learner,0.48860087445346656,243.61805332476706
S-learner,0.4918800749531543,242.98275311402108
S-learner,0.495159275452842,243.9733502538071
S-learner,0.49843847595252966,247.28436018957348
S-learner,0.5017176764522173,249.07472527472532
S-learner,0.5049968769519051,247.5955056179775
S-learner,0.5082760774515928,243.52558139534887
S-learner,0.5115552779512804,245.87696577243292
S-learner,0.5148344784509682,247.55371900826447
S-learner,0.5181136789506559,248.9278538812785
S-learner,0.5213928794503435,251.38391777509065
S-learner,0.5246720799500312,251.17307692307696
S-learner,0.527951280449719,249.64452423698384
S-learner,0.5312304809494066,254.3753351206434
S-learner,0.5345096814490943,255.247191011236
S-learner,0.537788881948782,258.70748898678414
S-learner,0.5410680824484697,259.4978102189781
S-learner,0.5443472829481574,259.88863109048725
S-learner,0.5476264834478451,262.199076745528
S-learner,0.5509056839475328,262.92760700948
S-learner,0.5541848844472205,261.2826521863389
S-learner,0.5574640849469081,262.1838819523269
S-learner,0.5607432854465959,260.92099322799095
S-learner,0.5640224859462836,262.8404494382023
S-learner,0.5673016864459712,264.93418851087563
S-learner,0.570580886945659,261.42524271844667
S-learner,0.5738600874453467,260.11878453038673
S-learner,0.5771392879450343,258.2866556836903
S-learner,0.5804184884447221,258.2653562653563
S-learner,0.5836976889444098,257.1540130151844
S-learner,0.5869768894440974,255.94174757281553
S-learner,0.5902560899437851,251.4529111886236
S-learner,0.5935352904434729,252.04858515750135
S-learner,0.5968144909431605,247.6068965517241
S-learner,0.6000936914428482,248.280442804428
S-learner,0.603372891942536,249.50943396226415
S-learner,0.6066520924422236,247.60422645447431
S-learner,0.6099312929419113,246.558380902958
S-learner,0.613210493441599,244.56670967741934
S-learner,0.6164896939412867,248.7975365665897
S-learner,0.6197688944409744,252.05332993110488
S-learner,0.623048094940662,250.20781527531085
S-learner,0.6263272954403498,249.1908127208481
S-learner,0.6296064959400375,247.95027624309398
S-learner,0.6328856964397251,246.15734265734272
S-learner,0.6361648969394129,246.96620278330016
S-learner,0.6394440974391006,249.57877813504825
S-learner,0.6427232979387882,250.0063944909001
S-learner,0.6460024984384759,246.76651982378854
S-learner,0.6492816989381637,245.06564551422326
S-learner,0.6525608994378513,246.05079825834548
S-learner,0.655840099937539,245.38728323699422
S-learner,0.6591193004372268,246.64063248682316
S-learner,0.6623985009369144,249.47067238912734
S-learner,0.6656777014366021,254.52313167259786
S-learner,0.6689569019362899,256.1119508738781
S-learner,0.6722361024359775,253.85049365303246
S-learner,0.6755153029356652,256.4151649894688
S-learner,0.6787945034353529,254.840782122905
S-learner,0.6820737039350406,255.31280388978928
S-learner,0.6853529044347283,257.22099447513807
S-learner,0.688632104934416,260.8846153846154
S-learner,0.6919113054341037,259.16928327645047
S-learner,0.6951905059337914,259.6178271716943
S-learner,0.698469706433479,260.88151658767777
S-learner,0.7017489069331667,256.6097506178387
S-learner,0.7050281074328545,259.6538461538462
S-learner,0.7083073079325422,263.4416796267496
S-learner,0.7115865084322298,263.43034055727554
S-learner,0.7148657089319176,267.01497467518175
S-learner,0.7181449094316052,265.6013157894737
S-learner,0.7214241099312929,266.62278978388997
S-learner,0.7247033104309807,266.7232472324723
S-learner,0.7279825109306683,269.7562662057044
S-learner,0.731261711430356,269.5301204819277
S-learner,0.7345409119300437,270.82160427807486
S-learner,0.7378201124297314,273.42224115892634
S-learner,0.7410993129294191,273.8274326902692
S-learner,0.7443785134291068,274.1877507919746
S-learner,0.7476577139287945,275.5625920471282
S-learner,0.7509369144284822,279.29781879194627
S-learner,0.7542161149281699,276.6969317470257
S-learner,0.7574953154278576,279.35887850467293
S-learner,0.7607745159275453,277.4042553191489
S-learner,0.764053716427233,278.0604316546762
S-learner,0.7673329169269206,279.1281946432223
S-learner,0.7706121174266084,279.55555555555554
S-learner,0.7738913179262961,277.34495338467775
S-learner,0.7771705184259837,278.2032667876588
S-learner,0.7804497189256715,280.5864978902954
S-learner,0.7837289194253592,280.05174825174834
S-learner,0.7870081199250468,277.2536303958623
S-learner,0.7902873204247346,276.889526826371
S-learner,0.7935665209244223,277.0981667652277
S-learner,0.7968457214241099,278.51923076923083
S-learner,0.8001249219237976,278.9470599726509
S-learner,0.8034041224234854,277.94552529182874
S-learner,0.806683322923173,278.1012216404887
S-learner,0.8099625234228607,281.10196987253767
S-learner,0.8132417239225485,278.68020011545127
S-learner,0.8165209244222361,277.31143459107454
S-learner,0.8198001249219238,277.94375595805536
S-learner,0.8230793254216114,280.5265957446809
S-learner,0.8263585259212992,279.68377201287626
S-learner,0.8296377264209869,276.25283018867924
S-learner,0.8329169269206745,279.8302312464749
S-learner,0.8361961274203623,277.56692913385825
S-learner,0.83947532792005,273.8214885282597
S-learner,0.8427545284197376,274.4596100278551
S-learner,0.8460337289194254,273.7317073170732
S-learner,0.8493129294191131,274.52061855670104
S-learner,0.8525921299188007,276.2109503753892
S-learner,0.8558713304184884,276.36801752464396
S-learner,0.8591505309181762,278.57890909090906
S-learner,0.8624297314178638,278.0
S-learner,0.8657089319175515,280.4190407500902
S-learner,0.8689881324172393,281.7458175930923
S-learner,0.8722673329169269,283.1658903618775
S-learner,0.8755465334166146,286.5450000000001
S-learner,0.8788257339163024,285.9280882876468
S-learner,0.88210493441599,290.51782863225117
S-learner,0.8853841349156777,286.3383963263865
S-learner,0.8886633354153654,285.289186333216
S-learner,0.8919425359150531,287.29917529391116
S-learner,0.8952217364147408,288.51232302045094
S-learner,0.8985009369144284,285.07804878048785
S-learner,0.9017801374141162,286.4971369078604
S-learner,0.9050593379138039,288.88116242864555
S-learner,0.9083385384134915,288.6736769522496
S-learner,0.9116177389131792,288.28618025751075
S-learner,0.914896939412867,288.4498459431701
S-learner,0.9181761399125546,291.2415557830092
S-learner,0.9214553404122423,289.8170379187213
S-learner,0.9247345409119301,289.4474174428451
S-learner,0.9280137414116177,288.8129326354888
S-learner,0.9312929419113054,291.18397576165626
S-learner,0.9345721424109932,288.3882274023142
S-learner,0.9378513429106808,288.02037748454984
S-learner,0.9411305434103685,288.8115531879473
S-learner,0.9444097439100562,290.819508958195
S-learner,0.9476889444097439,291.3940797089466
S-learner,0.9509681449094316,291.4393215873539
S-learner,0.9542473454091193,291.65036915504504
S-learner,0.957526545908807,290.8661108386465
S-learner,0.9608057464084947,292.2386308068459
S-learner,0.9640849469081824,290.4011703511053
S-learner,0.9673641474078701,289.0191062176166
S-learner,0.9706433479075578,288.38262835001615
S-learner,0.9739225484072455,287.57432432432427
S-learner,0.9772017489069331,287.998397179035
S-learner,0.9804809494066209,289.8390804597701
S-learner,0.9837601499063086,290.20057306590263
S-learner,0.9870393504059962,289.20180866254157
S-learner,0.990318550905684,287.3984189723319
S-learner,0.9935977514053717,288.24440944881883
S-learner,0.9968769519050593,290.45009416195853
T-learner,0.0,0.0
T-learner,0.003279200499687695,2.0
T-learner,0.00655840099937539,7.0
T-learner,0.009837601499063086,11.695652173913043
T-learner,0.01311680199875078,14.076923076923077
T-learner,0.016396002498438474,13.086206896551724
T-learner,0.01967520299812617,14.068702290076336
T-learner,0.022954403497813865,18.22972972972973
T-learner,0.02623360399750156,20.0
T-learner,0.029512804497189255,19.804347826086957
T-learner,0.03279200499687695,24.333333333333336
T-learner,0.036071205496564646,21.756521739130434
T-learner,0.03935040599625234,24.760956175298805
T-learner,0.04262960649594004,27.229007633587784
T-learner,0.04590880699562773,27.356890459363953
T-learner,0.049188007495315426,25.573770491803273
T-learner,0.05246720799500312,22.436363636363637
T-learner,0.05574640849469082,20.40634005763689
T-learner,0.05902560899437851,21.200000000000003
T-learner,0.06230480949406621,21.196969696969695
T-learner,0.0655840099937539,22.0
T-learner,0.0688632104934416,23.0
T-learner,0.07214241099312929,21.26781857451404
T-learner,0.075421611492817,22.595092024539873
T-learner,0.07870081199250469,24.26534653465346
T-learner,0.08198001249219238,25.0
T-learner,0.08525921299188008,25.586956521739125
T-learner,0.08853841349156777,24.14260869565217
T-learner,0.09181761399125546,28.094594594594597
T-learner,0.09509681449094316,27.54337152209493
T-learner,0.09837601499063085,28.458598726114644
T-learner,0.10165521549031856,30.185185185185176
T-learner,0.10493441599000625,36.053254437869825
T-learner,0.10821361648969394,40.82000000000001
T-learner,0.11149281698938164,41.53333333333333
T-learner,0.11477201748906933,40.764227642276424
T-learner,0.11805121798875702,44.21176470588236
T-learner,0.12133041848844472,42.46505717916138
T-learner,0.12460961898813241,44.756521739130434
T-learner,0.1278888194878201,44.26086956521739
T-learner,0.1311680199875078,45.74030552291421
T-learner,0.1344472204871955,43.02405498281787
T-learner,0.1377264209868832,46.734602463605825
T-learner,0.1410056214865709,48.21052631578948
T-learner,0.14428482198625858,50.45806451612904
T-learner,0.14756402248594627,48.24528301886792
T-learner,0.150843222985634,51.97125256673512
T-learner,0.15412242348532168,57.168674698795186
T-learner,0.15740162398500937,56.48316831683168
T-learner,0.16068082448469706,58.0
T-learner,0.16396002498438475,57.72185430463577
T-learner,0.16723922548407247,57.46068455134136
T-learner,0.17051842598376016,55.77243880326384
T-learner,0.17379762648344785,54.32504440497337
T-learner,0.17707682698313554,59.314960629921245
T-learner,0.18035602748282323,55.30172413793102
T-learner,0.18363522798251092,57.354430379746844
T-learner,0.18691442848219864,58.04579517069109
T-learner,0.19019362898188633,62.29190515126737
T-learner,0.19347282948157402,65.30769230769229
T-learner,0.1967520299812617,70.27272727272725
T-learner,0.2000312304809494,72.5011655011655
T-learner,0.2033104309806371,72.2501918649271
T-learner,0.2065896314803248,70.49735049205145
T-learner,0.2098688319800125,73.24981412639406
T-learner,0.21314803247970018,77.49158741770302
T-learner,0.21642723297938787,79.0
T-learner,0.2197064334790756,81.50747330960854
T-learner,0.22298563397876328,82.53164556962028
T-learner,0.22626483447845097,85.84958217270196
T-learner,0.22954403497813866,85.31596984235776
T-learner,0.23282323547782635,88.35405405405407
T-learner,0.23610243597751404,89.54980079681275
T-learner,0.23938163647720176,90.58371634931058
T-learner,0.24266083697688945,93.87865022712523
T-learner,0.24594003747657714,94.12859884836851
T-learner,0.24921923797626483,95.15151515151516
T-learner,0.25249843847595255,98.39726027397259
T-learner,0.2557776389756402,100.43085433312848
T-learner,0.2590568394753279,100.47810218978103
T-learner,0.2623360399750156,100.23076923076925
T-learner,0.2656152404747033,100.96563981042652
T-learner,0.268894440974391,103.05161290322579
T-learner,0.2721736414740787,102.72874493927128
T-learner,0.2754528419737664,105.50085763293308
T-learner,0.27873204247345407,109.01923076923077
T-learner,0.2820112429731418,109.55567991046445
T-learner,0.2852904434728295,107.50221238938056
T-learner,0.28856964397251716,109.24454148471614
T-learner,0.2918488444722049,109.20840064620353
T-learner,0.29512804497189254,107.74626865671641
T-learner,0.29840724547158026,114.0
T-learner,0.301686445971268,114.71071800208117
T-learner,0.30496564647095564,113.01134020618557
T-learner,0.30824484697064336,115.24770642201833
T-learner,0.311524047470331,118.85427135678395
T-learner,0.31480324797001874,124.0
T-learner,0.31808244846970646,126.44923982344287
T-learner,0.3213616489693941,128.0
T-learner,0.32464084946908184,125.64544138929088
T-learner,0.3279200499687695,128.20267686424475
T-learner,0.3311992504684572,132.33427762039662
T-learner,0.33447845096814494,133.44590163934427
T-learner,0.3377576514678326,134.3388888888889
T-learner,0.3410368519675203,138.7810352725607
T-learner,0.344316052467208,140.12403452975923
T-learner,0.3475952529668957,145.6972972972973
T-learner,0.35087445346658336,148.78361531611756
T-learner,0.3541536539662711,148.7829730921923
T-learner,0.3574328544659588,149.56799300393527
T-learner,0.36071205496564646,149.70312500000003
T-learner,0.3639912554653342,151.31201382886775
T-learner,0.36727045596502184,149.15433946130827
T-learner,0.37054965646470955,150.9258160237389
T-learner,0.37382885696439727,153.360201511335
T-learner,0.37710805746408493,153.58402662229616
T-learner,0.38038725796377265,156.38613861386136
T-learner,0.3836664584634603,155.48668578451452
T-learner,0.38694565896314803,154.69914738124237
T-learner,0.39022485946283575,153.24657534246575
T-learner,0.3935040599625234,154.47284345047927
T-learner,0.39678326046221113,159.15110759493672
T-learner,0.4000624609618988,160.25215348472983
T-learner,0.4033416614615865,157.80023319082778
T-learner,0.4066208619612742,158.5734670266101
T-learner,0.4099000624609619,156.44308164047527
T-learner,0.4131792629606496,157.1264717052792
T-learner,0.41645846346033727,157.5730421686747
T-learner,0.419737663960025,156.00447928331465
T-learner,0.4230168644597127,153.21103295075898
T-learner,0.42629606495940037,156.44730077120823
T-learner,0.4295752654590881,157.45408163265307
T-learner,0.43285446595877575,158.01954397394138
T-learner,0.43613366645846346,159.58806613946797
T-learner,0.4394128669581512,159.81740370898717
T-learner,0.44269206745783884,159.47029702970298
T-learner,0.44597126795752656,163.3839662447258
T-learner,0.4492504684572142,163.68756530825493
T-learner,0.45252966895690194,165.56215469613255
T-learner,0.4558088694565896,168.78135709389994
T-learner,0.4590880699562773,172.2537517053206
T-learner,0.46236727045596504,172.24991534033188
T-learner,0.4656464709556527,169.36565656565654
T-learner,0.4689256714553404,171.1304347826087
T-learner,0.4722048719550281,170.91162790697678
T-learner,0.4754840724547158,172.13860403572608
T-learner,0.4787632729544035,174.1432325886991
T-learner,0.4820424734540912,175.78878748370272
T-learner,0.4853216739537789,179.02718446601938
T-learner,0.48860087445346656,178.91685393258427
T-learner,0.4918800749531543,179.23428024257902
T-learner,0.495159275452842,181.02664129400574
T-learner,0.49843847595252966,181.80838323353288
T-learner,0.5017176764522173,184.05084745762713
T-learner,0.5049968769519051,185.3856209150327
T-learner,0.5082760774515928,187.52012383900933
T-learner,0.5115552779512804,189.7749077490775
T-learner,0.5148344784509682,190.08051235132666
T-learner,0.5181136789506559,191.36087484811662
T-learner,0.5213928794503435,189.9921592279855
T-learner,0.5246720799500312,193.65269461077838
T-learner,0.527951280449719,194.67985718536147
T-learner,0.5312304809494066,197.49068322981367
T-learner,0.5345096814490943,197.04823529411766
T-learner,0.537788881948782,203.63293360631764
T-learner,0.5410680824484697,202.8247602441151
T-learner,0.5443472829481574,199.9595141700405
T-learner,0.5476264834478451,200.52890422778256
T-learner,0.5509056839475328,204.76736210345814
T-learner,0.5541848844472205,207.80454545454552
T-learner,0.5574640849469081,206.73076923076928
T-learner,0.5607432854465959,209.14863725765662
T-learner,0.5640224859462836,207.93713327745178
T-learner,0.5673016864459712,209.31359466221852
T-learner,0.570580886945659,208.12330660768595
T-learner,0.5738600874453467,209.43249176728875
T-learner,0.5771392879450343,214.04504504504501
T-learner,0.5804184884447221,213.4736842105263
T-learner,0.5836976889444098,215.47720528729434
T-learner,0.5869768894440974,217.0563607085346
T-learner,0.5902560899437851,223.2302965535667
T-learner,0.5935352904434729,226.86965755242903
T-learner,0.5968144909431605,224.4745449749406
T-learner,0.6000936914428482,221.87152595700053
T-learner,0.603372891942536,221.28616106333072
T-learner,0.6066520924422236,219.24727838258167
T-learner,0.6099312929419113,218.69208966761147
T-learner,0.613210493441599,220.4814150217893
T-learner,0.6164896939412867,221.4977052524223
T-learner,0.6197688944409744,223.0746003552398
T-learner,0.623048094940662,224.91679273827538
T-learner,0.6263272954403498,222.70647265429
T-learner,0.6296064959400375,221.18399999999997
T-learner,0.6328856964397251,220.89838107098382
T-learner,0.6361648969394129,223.7792079207921
T-learner,0.6394440974391006,219.5344827586207
T-learner,0.6427232979387882,219.32352941176475
T-learner,0.6460024984384759,219.4669270197706
T-learner,0.6492816989381637,220.47158814958715
T-learner,0.6525608994378513,223.49553032133366
T-learner,0.655840099937539,222.28540514546768
T-learner,0.6591193004372268,218.44702224348242
T-learner,0.6623985009369144,219.0984542211653
T-learner,0.6656777014366021,217.53311258278148
T-learner,0.6689569019362899,221.1068989875206
T-learner,0.6722361024359775,219.95505617977528
T-learner,0.6755153029356652,222.97414395527602
T-learner,0.6787945034353529,223.63446838081995
T-learner,0.6820737039350406,226.45261701637082
T-learner,0.6853529044347283,232.68203716448727
T-learner,0.688632104934416,234.76624857468641
T-learner,0.6919113054341037,233.98978897208985
T-learner,0.6951905059337914,237.3864406779661
T-learner,0.698469706433479,236.37651821862346
T-learner,0.7017489069331667,240.81987021705078
T-learner,0.7050281074328545,239.22796081923423
T-learner,0.7083073079325422,239.47134321752606
T-learner,0.7115865084322298,239.68795419511127
T-learner,0.7148657089319176,239.89020381328078
T-learner,0.7181449094316052,242.69735980798606
T-learner,0.7214241099312929,243.32494030822664
T-learner,0.7247033104309807,243.69275675675675
T-learner,0.7279825109306683,242.25581395348837
T-learner,0.731261711430356,241.20257510729613
T-learner,0.7345409119300437,242.82408198121266
T-learner,0.7378201124297314,239.85350318471336
T-learner,0.7410993129294191,243.44829773736518
T-learner,0.7443785134291068,241.43536842105266
T-learner,0.7476577139287945,242.8636077938404
T-learner,0.7509369144284822,244.70279283034603
T-learner,0.7542161149281699,243.53991291727147
T-learner,0.7574953154278576,244.0
T-learner,0.7607745159275453,243.79306097310615
T-learner,0.764053716427233,242.96481178396073
T-learner,0.7673329169269206,243.96924017111428
T-learner,0.7706121174266084,243.76323797930615
T-learner,0.7738913179262961,244.9658654817208
T-learner,0.7771705184259837,247.1763523024331
T-learner,0.7804497189256715,248.0
T-learner,0.7837289194253592,248.38157894736844
T-learner,0.7870081199250468,248.0
T-learner,0.7902873204247346,247.96558544303798
T-learner,0.7935665209244223,247.1713272942103
T-learner,0.7968457214241099,246.5851793765928
T-learner,0.8001249219237976,248.37902753368485
T-learner,0.8034041224234854,248.17370161447184
T-learner,0.806683322923173,251.9711296260415
T-learner,0.8099625234228607,253.15063731170346
T-learner,0.8132417239225485,253.33243503368624
T-learner,0.8165209244222361,253.74434649290913
T-learner,0.8198001249219238,251.73659095247183
T-learner,0.8230793254216114,253.32978318752384
T-learner,0.8263585259212992,250.11405835543758
T-learner,0.8296377264209869,251.31660377358492
T-learner,0.8329169269206745,252.7025197442648
T-learner,0.8361961274203623,249.51600224592926
T-learner,0.83947532792005,250.7282385834111
T-learner,0.8427545284197376,252.7054450845568
T-learner,0.8460337289194254,255.4999074245511
T-learner,0.8493129294191131,258.0626038781163
T-learner,0.8525921299188007,259.0551876379691
T-learner,0.8558713304184884,258.2965403624381
T-learner,0.8591505309181762,255.84206682490412
T-learner,0.8624297314178638,262.0353112486348
T-learner,0.8657089319175515,263.62343551605295
T-learner,0.8689881324172393,265.25537294563844
T-learner,0.8722673329169269,268.04030951952484
T-learner,0.8755465334166146,269.4451612903225
T-learner,0.8788257339163024,267.01250223254146
T-learner,0.88210493441599,269.0245551601424
T-learner,0.8853841349156777,270.6119879411243
T-learner,0.8886633354153654,275.2447466007417
T-learner,0.8919425359150531,278.69741697416976
T-learner,0.8952217364147408,278.081450341566
T-learner,0.8985009369144284,279.85744234800836
T-learner,0.9017801374141162,281.6905548791094
T-learner,0.9050593379138039,281.88823427482237
T-learner,0.9083385384134915,279.4747195858499
T-learner,0.9116177389131792,278.63179628355124
T-learner,0.914896939412867,279.01097770154377
T-learner,0.9181761399125546,278.1913875598086
T-learner,0.9214553404122423,274.755748594788
T-learner,0.9247345409119301,274.95689801459366
T-learner,0.9280137414116177,274.34122821857557
T-learner,0.9312929419113054,274.7411526794742
T-learner,0.9345721424109932,276.5438360765871
T-learner,0.9378513429106808,276.7550200803214
T-learner,0.9411305434103685,282.40200000000004
T-learner,0.9444097439100562,277.16744186046515
T-learner,0.9476889444097439,279.0133995037221
T-learner,0.9509681449094316,278.0378850271784
T-learner,0.9542473454091193,280.4186237477419
T-learner,0.957526545908807,280.1808806678671
T-learner,0.9608057464084947,281.55133017790104
T-learner,0.9640849469081824,281.3426061493411
T-learner,0.9673641474078701,277.0976163450624
T-learner,0.9706433479075578,280.9065783093582
T-learner,0.9739225484072455,282.9085051546391
T-learner,0.9772017489069331,285.340876263842
T-learner,0.9804809494066209,287.3426103646833
T-learner,0.9837601499063086,285.309899569584
T-learner,0.9870393504059962,284.70298602287164
T-learner,0.990318550905684,286.33544303797464
T-learner,0.9935977514053717,286.5430463576158
T-learner,0.9968769519050593,289.40081671116695
X-learner,0.0,0.0
X-learner,0.003279200499687695,4.666666666666667
X-learner,0.00655840099937539,9.13953488372093
X-learner,0.009837601499063086,10.636363636363637
X-learner,0.01311680199875078,9.0
X-learner,0.016396002498438474,9.598130841121495
X-learner,0.01967520299812617,9.450381679389313
X-learner,0.022954403497813865,9.7375
X-learner,0.02623360399750156,15.696629213483149
X-learner,0.029512804497189255,14.928571428571427
X-learner,0.03279200499687695,16.055045871559635
X-learner,0.036071205496564646,15.061728395061728
X-learner,0.03935040599625234,13.092307692307692
X-learner,0.04262960649594004,12.685512367491164
X-learner,0.04590880699562773,14.557003257328994
X-learner,0.049188007495315426,13.444444444444443
X-learner,0.05246720799500312,15.310344827586206
X-learner,0.05574640849469082,16.924528301886795
X-learner,0.05902560899437851,17.52429667519182
X-learner,0.06230480949406621,20.090909090909093
X-learner,0.0655840099937539,22.773755656108598
X-learner,0.0688632104934416,22.12633832976445
X-learner,0.07214241099312929,23.08418891170431
X-learner,0.075421611492817,27.721893491124263
X-learner,0.07870081199250469,27.727272727272734
X-learner,0.08198001249219238,27.84615384615384
X-learner,0.08525921299188008,28.384341637010678
X-learner,0.08853841349156777,27.226804123711347
X-learner,0.09181761399125546,26.842809364548486
X-learner,0.09509681449094316,29.40065146579805
X-learner,0.09837601499063085,32.62264150943396
X-learner,0.10165521549031856,37.08801213960547
X-learner,0.10493441599000625,41.27312775330397
X-learner,0.10821361648969394,42.25641025641026
X-learner,0.11149281698938164,43.486187845303874
X-learner,0.11477201748906933,42.23262032085562
X-learner,0.11805121798875702,46.14434330299089
X-learner,0.12133041848844472,44.41423125794155
X-learner,0.12460961898813241,40.96526054590571
X-learner,0.1278888194878201,41.46909090909091
X-learner,0.1311680199875078,44.68595041322314
X-learner,0.1344472204871955,46.970080552359036
X-learner,0.1377264209868832,49.64548494983278
X-learner,0.1410056214865709,52.574837310195235
X-learner,0.14428482198625858,53.610223642172514
X-learner,0.14756402248594627,54.88401253918495
X-learner,0.150843222985634,54.12307692307692
X-learner,0.15412242348532168,53.91356783919598
X-learner,0.15740162398500937,52.176991150442475
X-learner,0.16068082448469706,54.42608695652174
X-learner,0.16396002498438475,54.71225071225071
X-learner,0.16723922548407247,54.675324675324674
X-learner,0.17051842598376016,57.395644283121584
X-learner,0.17379762648344785,60.133689839572185
X-learner,0.17707682698313554,64.86339754816112
X-learner,0.18035602748282323,68.68911917098447
X-learner,0.18363522798251092,70.151566469094
X-learner,0.18691442848219864,70.53145695364239
X-learner,0.19019362898188633,71.16107931316435
X-learner,0.19347282948157402,77.77059773828756
X-learner,0.1967520299812617,80.31742243436753
X-learner,0.2000312304809494,80.22776911076443
X-learner,0.2033104309806371,84.45092024539878
X-learner,0.2065896314803248,87.67420814479638
X-learner,0.2098688319800125,85.89614243323442
X-learner,0.21314803247970018,89.11678832116789
X-learner,0.21642723297938787,92.66522678185746
X-learner,0.2197064334790756,94.76395759717315
X-learner,0.22298563397876328,100.7381615598886
X-learner,0.22626483447845097,103.82763337893297
X-learner,0.22954403497813866,102.94726166328599
X-learner,0.23282323547782635,104.93199999999999
X-learner,0.23610243597751404,104.14191852825229
X-learner,0.23938163647720176,108.17829457364343
X-learner,0.24266083697688945,112.38343949044585
X-learner,0.24594003747657714,113.00501882057716
X-learner,0.24921923797626483,114.3896103896104
X-learner,0.25249843847595255,118.51652386780907
X-learner,0.2557776389756402,119.47190332326284
X-learner,0.2590568394753279,119.42840095465394
X-learner,0.2623360399750156,120.87603305785123
X-learner,0.2656152404747033,122.88979591836735
X-learner,0.268894440974391,121.68242074927954
X-learner,0.2721736414740787,123.85958904109589
X-learner,0.2754528419737664,123.23389830508475
X-learner,0.27873204247345407,124.70411568409344
X-learner,0.2820112429731418,129.0963855421687
X-learner,0.2852904434728295,124.7989189189189
X-learner,0.28856964397251716,129.74505611972208
X-learner,0.2918488444722049,134.90466101694915
X-learner,0.29512804497189254,133.2906610703043
X-learner,0.29840724547158026,134.1152647975078
X-learner,0.301686445971268,137.72923076923075
X-learner,0.30496564647095564,138.8924949290061
X-learner,0.30824484697064336,138.72208312468703
X-learner,0.311524047470331,141.89747399702824
X-learner,0.31480324797001874,143.49067713444555
X-learner,0.31808244846970646,144.28571428571428
X-learner,0.3213616489693941,148.86455331412103
X-learner,0.32464084946908184,148.4551526717557
X-learner,0.3279200499687695,149.85559226050023
X-learner,0.3311992504684572,151.0541802895843
X-learner,0.33447845096814494,153.05180388529138
X-learner,0.3377576514678326,152.24552547039926
X-learner,0.3410368519675203,153.6457765667575
X-learner,0.344316052467208,151.24178298063936
X-learner,0.3475952529668957,150.8761692650334
X-learner,0.35087445346658336,151.48409893992934
X-learner,0.3541536539662711,152.45263157894738
X-learner,0.3574328544659588,152.65421372719373
X-learner,0.36071205496564646,157.6414119672837
X-learner,0.3639912554653342,159.8230769230769
X-learner,0.36727045596502184,159.2437579348286
X-learner,0.37054965646470955,161.63964720705584
X-learner,0.37382885696439727,161.235
X-learner,0.37710805746408493,165.82348077718063
X-learner,0.38038725796377265,167.03236378533387
X-learner,0.3836664584634603,167.03980503655563
X-learner,0.38694565896314803,166.2081484469544
X-learner,0.39022485946283575,167.2088
X-learner,0.3935040599625234,169.58220810166796
X-learner,0.39678326046221113,167.9471608832808
X-learner,0.4000624609618988,169.36928487690506
X-learner,0.4033416614615865,167.09790209790208
X-learner,0.4066208619612742,172.31124807395997
X-learner,0.4099000624609619,170.94274809160305
X-learner,0.4131792629606496,168.45785876993165
X-learner,0.41645846346033727,173.4689265536723
X-learner,0.419737663960025,177.04712041884818
X-learner,0.4230168644597127,176.578125
X-learner,0.42629606495940037,177.15700036941263
X-learner,0.4295752654590881,179.9802342606149
X-learner,0.43285446595877575,180.6211901306241
X-learner,0.43613366645846346,187.0
X-learner,0.4394128669581512,185.96207513416812
X-learner,0.44269206745783884,190.56716417910445
X-learner,0.44597126795752656,191.20718816067654
X-learner,0.4492504684572142,187.94471658502454
X-learner,0.45252966895690194,188.53284671532845
X-learner,0.4558088694565896,191.20268872802484
X-learner,0.4590880699562773,189.67156025947418
X-learner,0.46236727045596504,190.40828804347825
X-learner,0.4656464709556527,194.05660377358487
X-learner,0.4689256714553404,196.6764705882353
X-learner,0.4722048719550281,198.46613545816734
X-learner,0.4754840724547158,193.4441147378833
X-learner,0.4787632729544035,198.53103448275863
X-learner,0.4820424734540912,201.40065146579803
X-learner,0.4853216739537789,200.38110643804595
X-learner,0.48860087445346656,200.2700354039266
X-learner,0.4918800749531543,200.20749279538904
X-learner,0.495159275452842,203.01336302895328
X-learner,0.49843847595252966,205.39006643467252
X-learner,0.5017176764522173,206.27118644067798
X-learner,0.5049968769519051,207.06113537117903
X-learner,0.5082760774515928,205.58139534883725
X-learner,0.5115552779512804,208.6044362292052
X-learner,0.5148344784509682,209.82374541003668
X-learner,0.5181136789506559,213.3276699029126
X-learner,0.5213928794503435,212.50632911392404
X-learner,0.5246720799500312,210.48427672955972
X-learner,0.527951280449719,210.08219178082192
X-learner,0.5312304809494066,212.527950310559
X-learner,0.5345096814490943,214.1023529411765
X-learner,0.537788881948782,214.16462346760068
X-learner,0.5410680824484697,212.5
X-learner,0.5443472829481574,212.08518625469247
X-learner,0.5476264834478451,212.61516369902353
X-learner,0.5509056839475328,211.47305389221555
X-learner,0.5541848844472205,214.27190246668562
X-learner,0.5574640849469081,218.71830985915494
X-learner,0.5607432854465959,218.91489361702122
X-learner,0.5640224859462836,222.71269487750556
X-learner,0.5673016864459712,220.1161825726141
X-learner,0.570580886945659,223.92297111416775
X-learner,0.5738600874453467,223.6771545827633
X-learner,0.5771392879450343,221.2095808383233
X-learner,0.5804184884447221,222.86911844240132
X-learner,0.5836976889444098,223.66433566433568
X-learner,0.5869768894440974,227.03800856531052
X-learner,0.5902560899437851,229.04125632153313
X-learner,0.5935352904434729,229.69426077757203
X-learner,0.5968144909431605,230.12933753943219
X-learner,0.6000936914428482,228.11294117647054
X-learner,0.603372891942536,228.89856957087125
X-learner,0.6066520924422236,230.04505437597106
X-learner,0.6099312929419113,232.92333419089266
X-learner,0.613210493441599,229.81014604150653
X-learner,0.6164896939412867,229.59597247004837
X-learner,0.6197688944409744,227.80456273764264
X-learner,0.623048094940662,229.93639575971724
X-learner,0.6263272954403498,235.50414468726456
X-learner,0.6296064959400375,235.1348314606742
X-learner,0.6328856964397251,230.87826086956522
X-learner,0.6361648969394129,232.78099480326648
X-learner,0.6394440974391006,234.50000000000006
X-learner,0.6427232979387882,235.14705882352945
X-learner,0.6460024984384759,234.81140350877195
X-learner,0.6492816989381637,233.01987396994662
X-learner,0.6525608994378513,230.8752107925801
X-learner,0.655840099937539,229.6451690242148
X-learner,0.6591193004372268,232.85642737896495
X-learner,0.6623985009369144,231.65345359601235
X-learner,0.6656777014366021,231.3176776020769
X-learner,0.6689569019362899,233.01599247412986
X-learner,0.6722361024359775,234.15741391426565
X-learner,0.6755153029356652,229.53774464119294
X-learner,0.6787945034353529,229.2328767123288
X-learner,0.6820737039350406,228.86700531055186
X-learner,0.6853529044347283,227.76328502415453
X-learner,0.688632104934416,227.6386093321135
X-learner,0.6919113054341037,230.32484076433116
X-learner,0.6951905059337914,228.6269500339136
X-learner,0.698469706433479,228.9817608646701
X-learner,0.7017489069331667,229.42741935483872
X-learner,0.7050281074328545,227.08021390374336
X-learner,0.7083073079325422,227.09580838323348
X-learner,0.7115865084322298,226.87944358578056
X-learner,0.7148657089319176,231.9076923076923
X-learner,0.7181449094316052,233.2679509632224
X-learner,0.7214241099312929,234.05318221447254
X-learner,0.7247033104309807,231.59040590405903
X-learner,0.7279825109306683,232.49740932642487
X-learner,0.731261711430356,233.45945945945948
X-learner,0.7345409119300437,232.24476719350707
X-learner,0.7378201124297314,233.96721311475414
X-learner,0.7410993129294191,232.97032640949556
X-learner,0.7443785134291068,233.68709064018594
X-learner,0.7476577139287945,234.35295354214838
X-learner,0.7509369144284822,234.5073313782991
X-learner,0.7542161149281699,236.32540675844814
X-learner,0.7574953154278576,237.75814822503628
X-learner,0.7607745159275453,240.4042553191489
X-learner,0.764053716427233,242.97901234567905
X-learner,0.7673329169269206,247.84974411463656
X-learner,0.7706121174266084,246.8524256013045
X-learner,0.7738913179262961,251.07954545454538
X-learner,0.7771705184259837,252.50696828923446
X-learner,0.7804497189256715,254.37540192926042
X-learner,0.7837289194253592,255.7537044453344
X-learner,0.7870081199250468,256.5448743518149
X-learner,0.7902873204247346,257.60833333333335
X-learner,0.7935665209244223,260.40869565217395
X-learner,0.7968457214241099,257.3757134422358
X-learner,0.8001249219237976,260.39474715797735
X-learner,0.8034041224234854,256.7931707317073
X-learner,0.806683322923173,254.355365474339
X-learner,0.8099625234228607,254.35721200387218
X-learner,0.8132417239225485,256.1560270009643
X-learner,0.8165209244222361,258.4186492709133
X-learner,0.8198001249219238,258.00458803288086
X-learner,0.8230793254216114,256.1528201219512
X-learner,0.8263585259212992,258.79666160849774
X-learner,0.8296377264209869,257.00906686815256
X-learner,0.8329169269206745,259.1756731312371
X-learner,0.8361961274203623,257.2158516020236
X-learner,0.83947532792005,255.26086145813906
X-learner,0.8427545284197376,252.8283166109253
X-learner,0.8460337289194254,254.360266864344
X-learner,0.8493129294191131,255.79258165713225
X-learner,0.8525921299188007,257.5454545454545
X-learner,0.8558713304184884,257.5378551787351
X-learner,0.8591505309181762,254.95290251916754
X-learner,0.8624297314178638,256.17418181818186
X-learner,0.8657089319175515,257.7454248958145
X-learner,0.8689881324172393,255.9409853817001
X-learner,0.8722673329169269,255.14614416681638
X-learner,0.8755465334166146,255.93605588393336
X-learner,0.8788257339163024,261.73496341245755
X-learner,0.88210493441599,263.5068468788903
X-learner,0.8853841349156777,265.56877323420076
X-learner,0.8886633354153654,268.00035260930883
X-learner,0.8919425359150531,268.008431406991
X-learner,0.8952217364147408,272.8060563626816
X-learner,0.8985009369144284,273.3942777390091
X-learner,0.9017801374141162,276.28809441166254
X-learner,0.9050593379138039,278.4979253112033
X-learner,0.9083385384134915,276.912863785087
X-learner,0.9116177389131792,280.8778979907265
X-learner,0.914896939412867,280.07784431137725
X-learner,0.9181761399125546,278.9114139693356
X-learner,0.9214553404122423,281.7066213921902
X-learner,0.9247345409119301,282.2939583685903
X-learner,0.9280137414116177,283.50733434496703
X-learner,0.9312929419113054,283.88350983358544
X-learner,0.9345721424109932,281.12349397590356
X-learner,0.9378513429106808,280.6954128440368
X-learner,0.9411305434103685,281.6408251538845
X-learner,0.9444097439100562,284.4370751119218
X-learner,0.9476889444097439,284.01785123966954
X-learner,0.9509681449094316,284.65986170563065
X-learner,0.9542473454091193,287.0265922521339
X-learner,0.957526545908807,286.97838899803537
X-learner,0.9608057464084947,285.96426823299066
X-learner,0.9640849469081824,289.9310008136697
X-learner,0.9673641474078701,292.73236009732364
X-learner,0.9706433479075578,292.55638126009694
X-learner,0.9739225484072455,291.54129769763324
X-learner,0.9772017489069331,288.37139191789606
X-learner,0.9804809494066209,288.2614107883818
X-learner,0.9837601499063086,286.0944206008585
X-learner,0.9870393504059962,287.51884700665187
X-learner,0.990318550905684,289.8869235628554
X-learner,0.9935977514053717,287.9807692307693
X-learner,0.9968769519050593,287.3847966075075
class-transformation,0.0,0.0
class-transformation,0.003279200499687695,6.0
class-transformation,0.00655840099937539,4.804878048780488
class-transformation,0.009837601499063086,10.454545454545455
class-transformation,0.01311680199875078,13.066666666666666
class-transformation,0.016396002498438474,10.18867924528302
class-transformation,0.01967520299812617,12.368421052631579
class-transformation,0.022954403497813865,14.730769230769232
class-transformation,0.02623360399750156,12.52
class-transformation,0.029512804497189255,11.953367875647668
class-transformation,0.03279200499687695,13.452830188679243
class-transformation,0.036071205496564646,15.0
class-transformation,0.03935040599625234,17.4251968503937
class-transformation,0.04262960649594004,21.421818181818182
class-transformation,0.04590880699562773,21.885906040268452
class-transformation,0.049188007495315426,20.90282131661442
class-transformation,0.05246720799500312,22.085043988269796
class-transformation,0.05574640849469082,22.77528089887641
class-transformation,0.05902560899437851,24.56382978723404
class-transformation,0.06230480949406621,25.78391959798995
class-transformation,0.0655840099937539,24.440677966101703
class-transformation,0.0688632104934416,26.516129032258064
class-transformation,0.07214241099312929,27.440000000000005
class-transformation,0.075421611492817,28.063291139240505
class-transformation,0.07870081199250469,33.80981595092024
class-transformation,0.08198001249219238,31.47937131630649
class-transformation,0.08525921299188008,33.04545454545455
class-transformation,0.08853841349156777,34.839416058394164
class-transformation,0.09181761399125546,30.985765124555172
class-transformation,0.09509681449094316,30.977853492333892
class-transformation,0.09837601499063085,32.00657894736841
class-transformation,0.10165521549031856,32.79936305732484
class-transformation,0.10493441599000625,32.35857805255024
class-transformation,0.10821361648969394,33.61883408071749
class-transformation,0.11149281698938164,37.55732946298984
class-transformation,0.11477201748906933,37.9900426742532
class-transformation,0.11805121798875702,38.923076923076934
class-transformation,0.12133041848844472,37.936339522546405
class-transformation,0.12460961898813241,38.180412371134025
class-transformation,0.1278888194878201,38.2295081967213
class-transformation,0.1311680199875078,41.9326805385557
class-transformation,0.1344472204871955,39.3
class-transformation,0.1377264209868832,39.62937062937061
class-transformation,0.1410056214865709,42.36218678815489
class-transformation,0.14428482198625858,43.07317073170731
class-transformation,0.14756402248594627,44.27272727272728
class-transformation,0.150843222985634,44.706441393875394
class-transformation,0.15412242348532168,47.408479834539804
class-transformation,0.15740162398500937,45.25806451612904
class-transformation,0.16068082448469706,45.744827586206895
class-transformation,0.16396002498438475,46.72972972972974
class-transformation,0.16723922548407247,48.2691943127962
class-transformation,0.17051842598376016,47.456059204440336
class-transformation,0.17379762648344785,45.99818181818182
class-transformation,0.17707682698313554,46.952
class-transformation,0.18035602748282323,50.322916666666686
class-transformation,0.18363522798251092,51.098976109215016
class-transformation,0.18691442848219864,53.2237061769616
class-transformation,0.19019362898188633,52.87881286067602
class-transformation,0.19347282948157402,52.881685575364656
class-transformation,0.1967520299812617,51.498799039231386
class-transformation,0.2000312304809494,53.74980330448466
class-transformation,0.2033104309806371,58.9953596287703
class-transformation,0.2065896314803248,58.42553191489361
class-transformation,0.2098688319800125,55.54694485842029
class-transformation,0.21314803247970018,60.222547584187424
class-transformation,0.21642723297938787,63.78050541516245
class-transformation,0.2197064334790756,62.66382978723405
class-transformation,0.22298563397876328,68.56241234221599
class-transformation,0.22626483447845097,67.0
class-transformation,0.22954403497813866,67.22297756628143
class-transformation,0.23282323547782635,66.45010046885466
class-transformation,0.23610243597751404,66.59447004608293
class-transformation,0.23938163647720176,72.79623621025308
class-transformation,0.24266083697688945,71.90885750962772
class-transformation,0.24594003747657714,72.91196960101328
class-transformation,0.24921923797626483,75.58078602620088
class-transformation,0.25249843847595255,76.81169230769231
class-transformation,0.2557776389756402,78.25728155339806
class-transformation,0.2590568394753279,78.27681246255241
class-transformation,0.2623360399750156,79.72340425531917
class-transformation,0.2656152404747033,79.79754242246929
class-transformation,0.268894440974391,82.35416666666666
class-transformation,0.2721736414740787,85.11556064073227
class-transformation,0.2754528419737664,90.55731225296441
class-transformation,0.27873204247345407,91.11173184357543
class-transformation,0.2820112429731418,92.11540585311982
class-transformation,0.2852904434728295,91.89131622064446
class-transformation,0.28856964397251716,96.10631408526714
class-transformation,0.2918488444722049,100.20329962746143
class-transformation,0.29512804497189254,103.04411764705881
class-transformation,0.29840724547158026,102.72589890568003
class-transformation,0.301686445971268,105.49458483754512
class-transformation,0.30496564647095564,106.70525242223354
class-transformation,0.30824484697064336,107.36070528967255
class-transformation,0.311524047470331,105.15461346633418
class-transformation,0.31480324797001874,107.86336633663367
class-transformation,0.31808244846970646,113.21393523061826
class-transformation,0.3213616489693941,110.16634429400386
class-transformation,0.32464084946908184,108.61692969870876
class-transformation,0.3279200499687695,110.94594594594597
class-transformation,0.3311992504684572,113.08654750705551
class-transformation,0.33447845096814494,115.29608938547489
class-transformation,0.3377576514678326,115.86386709736962
class-transformation,0.3410368519675203,117.0
class-transformation,0.344316052467208,118.91818181818181
class-transformation,0.3475952529668957,121.13591359135916
class-transformation,0.35087445346658336,123.7041499330656
class-transformation,0.3541536539662711,124.92178524083073
class-transformation,0.3574328544659588,128.71222076215506
class-transformation,0.36071205496564646,126.78432221741011
class-transformation,0.3639912554653342,131.3556701030928
class-transformation,0.36727045596502184,129.78392173543173
class-transformation,0.37054965646470955,130.64646464646464
class-transformation,0.37382885696439727,131.0754481033764
class-transformation,0.37710805746408493,137.27881040892197
class-transformation,0.38038725796377265,135.21419778416083
class-transformation,0.3836664584634603,134.64390243902437
class-transformation,0.38694565896314803,134.86381950040288
class-transformation,0.39022485946283575,136.6450839328537
class-transformation,0.3935040599625234,139.92170818505338
class-transformation,0.39678326046221113,138.56639247943593
class-transformation,0.4000624609618988,140.0
class-transformation,0.4033416614615865,141.9236111111111
class-transformation,0.4066208619612742,142.1346595256312
class-transformation,0.4099000624609619,140.28620296465226
class-transformation,0.4131792629606496,139.07129385137682
class-transformation,0.41645846346033727,138.6426966292135
class-transformation,0.419737663960025,140.56
class-transformation,0.4230168644597127,142.97172236503854
class-transformation,0.42629606495940037,141.11678832116786
class-transformation,0.4295752654590881,145.47715736040607
class-transformation,0.43285446595877575,145.32411067193675
class-transformation,0.43613366645846346,144.9079229122056
class-transformation,0.4394128669581512,145.1813361611877
class-transformation,0.44269206745783884,148.57643758765778
class-transformation,0.44597126795752656,152.8848167539267
class-transformation,0.4492504684572142,153.83582089552237
class-transformation,0.45252966895690194,156.20903759917212
class-transformation,0.4558088694565896,155.41903457719962
class-transformation,0.4590880699562773,152.68249660786972
class-transformation,0.46236727045596504,152.10030292830697
class-transformation,0.4656464709556527,154.26506024096386
class-transformation,0.4689256714553404,151.69511790102956
class-transformation,0.4722048719550281,150.9769585253456
class-transformation,0.4754840724547158,146.2254901960784
class-transformation,0.4787632729544035,148.50340136054422
class-transformation,0.4820424734540912,147.0862846104314
class-transformation,0.4853216739537789,145.53691275167785
class-transformation,0.48860087445346656,147.88941849380365
class-transformation,0.4918800749531543,149.9911894273128
class-transformation,0.495159275452842,150.59524554269626
class-transformation,0.49843847595252966,152.23036324122944
class-transformation,0.5017176764522173,154.97840172786175
class-transformation,0.5049968769519051,154.77920883164677
class-transformation,0.5082760774515928,153.8536659567995
class-transformation,0.5115552779512804,154.25196374622357
class-transformation,0.5148344784509682,156.1127436281859
class-transformation,0.5181136789506559,157.42296252230813
class-transformation,0.5213928794503435,154.4685190659178
class-transformation,0.5246720799500312,155.09803346052246
class-transformation,0.527951280449719,152.1184364060677
class-transformation,0.5312304809494066,151.3791304347826
class-transformation,0.5345096814490943,152.2550490478938
class-transformation,0.537788881948782,148.96446991404014
class-transformation,0.5410680824484697,152.26681870011402
class-transformation,0.5443472829481574,152.28478322470954
class-transformation,0.5476264834478451,152.18956276445698
class-transformation,0.5509056839475328,151.97082748948105
class-transformation,0.5541848844472205,154.79387186629526
class-transformation,0.5574640849469081,154.96007762683672
class-transformation,0.5607432854465959,155.40165289256197
class-transformation,0.5640224859462836,156.2
class-transformation,0.5673016864459712,157.02857142857147
class-transformation,0.570580886945659,155.66269626421223
class-transformation,0.5738600874453467,156.08474576271186
class-transformation,0.5771392879450343,160.54579439252336
class-transformation,0.5804184884447221,164.32669322709165
class-transformation,0.5836976889444098,166.92953285827394
class-transformation,0.5869768894440974,167.52573529411768
class-transformation,0.5902560899437851,171.83481442760063
class-transformation,0.5935352904434729,177.25097427903353
class-transformation,0.5968144909431605,176.61210240496507
class-transformation,0.6000936914428482,180.18425115800312
class-transformation,0.603372891942536,181.6930161166539
class-transformation,0.6066520924422236,185.2612016293279
class-transformation,0.6099312929419113,187.82949075247024
class-transformation,0.613210493441599,186.07936507936506
class-transformation,0.6164896939412867,189.81875156680871
class-transformation,0.6197688944409744,190.85305105853053
class-transformation,0.623048094940662,189.8701684836472
class-transformation,0.6263272954403498,192.45172413793108
class-transformation,0.6296064959400375,191.4459691252144
class-transformation,0.6328856964397251,193.44027303754268
class-transformation,0.6361648969394129,194.38709677419354
class-transformation,0.6394440974391006,195.7087659985511
class-transformation,0.6427232979387882,197.07766289973551
class-transformation,0.6460024984384759,196.00958083832336
class-transformation,0.6492816989381637,195.023832221163
class-transformation,0.6525608994378513,197.21052631578948
class-transformation,0.655840099937539,194.47169811320754
class-transformation,0.6591193004372268,194.8669950738916
class-transformation,0.6623985009369144,197.65374737333644
class-transformation,0.6656777014366021,196.8780487804878
class-transformation,0.6689569019362899,195.28174878556558
class-transformation,0.6722361024359775,192.90787655458314
class-transformation,0.6755153029356652,193.70839064649243
class-transformation,0.6787945034353529,189.9671532846715
class-transformation,0.6820737039350406,188.89454545454544
class-transformation,0.6853529044347283,189.54746835443035
class-transformation,0.688632104934416,193.68723260526912
class-transformation,0.6919113054341037,191.5705329153605
class-transformation,0.6951905059337914,192.0625
class-transformation,0.698469706433479,194.13315579227697
class-transformation,0.7017489069331667,196.54250386398763
class-transformation,0.7050281074328545,195.79960448253132
class-transformation,0.7083073079325422,195.5803981623277
class-transformation,0.7115865084322298,194.7162162162162
class-transformation,0.7148657089319176,196.69906704274246
class-transformation,0.7181449094316052,197.48088139987038
class-transformation,0.7214241099312929,198.07228915662654
class-transformation,0.7247033104309807,200.62674094707523
class-transformation,0.7279825109306683,201.33148227253315
class-transformation,0.731261711430356,202.76004250797024
class-transformation,0.7345409119300437,205.95324730272904
class-transformation,0.7378201124297314,204.59292780467268
class-transformation,0.7410993129294191,206.94820717131472
class-transformation,0.7443785134291068,206.51754385964915
class-transformation,0.7476577139287945,207.86516853932585
class-transformation,0.7509369144284822,210.0691797845899
class-transformation,0.7542161149281699,211.2136222910217
class-transformation,0.7574953154278576,209.7849506578948
class-transformation,0.7607745159275453,215.34732746262546
class-transformation,0.764053716427233,221.1252294513563
class-transformation,0.7673329169269206,222.91224862888487
class-transformation,0.7706121174266084,223.42697994733646
class-transformation,0.7738913179262961,226.42597821702304
class-transformation,0.7771705184259837,223.85605300140537
class-transformation,0.7804497189256715,221.28537170263792
class-transformation,0.7837289194253592,221.28477611940298
class-transformation,0.7870081199250468,221.6424747174301
class-transformation,0.7902873204247346,220.28833629366488
class-transformation,0.7935665209244223,217.9375368296994
class-transformation,0.7968457214241099,218.50958904109586
class-transformation,0.8001249219237976,220.0742834860597
class-transformation,0.8034041224234854,221.92782305005824
class-transformation,0.806683322923173,222.13678516228742
class-transformation,0.8099625234228607,226.0670261941449
class-transformation,0.8132417239225485,227.0
class-transformation,0.8165209244222361,229.637614678899
class-transformation,0.8198001249219238,230.42498095963435
class-transformation,0.8230793254216114,231.84777251184835
class-transformation,0.8263585259212992,236.05909005097226
class-transformation,0.8296377264209869,236.63769751692996
class-transformation,0.8329169269206745,240.0
class-transformation,0.8361961274203623,244.4218779167445
class-transformation,0.83947532792005,243.57796799404537
class-transformation,0.8427545284197376,242.63333333333333
class-transformation,0.8460337289194254,243.84396901512355
class-transformation,0.8493129294191131,241.63616317530318
class-transformation,0.8525921299188007,240.7878732368565
class-transformation,0.8558713304184884,240.93900657414167
class-transformation,0.8591505309181762,243.57600000000002
class-transformation,0.8624297314178638,245.36521739130444
class-transformation,0.8657089319175515,248.73022751895985
class-transformation,0.8689881324172393,251.30412092855852
class-transformation,0.8722673329169269,253.94104999104093
class-transformation,0.8755465334166146,255.36402569593145
class-transformation,0.8788257339163024,255.57554212584432
class-transformation,0.88210493441599,258.63588110403396
class-transformation,0.8853841349156777,258.36474325039705
class-transformation,0.8886633354153654,259.7873462214411
class-transformation,0.8919425359150531,256.7867273682368
class-transformation,0.8952217364147408,258.0
class-transformation,0.8985009369144284,259.4266851980542
class-transformation,0.9017801374141162,257.85412701159373
class-transformation,0.9050593379138039,258.4284235943428
class-transformation,0.9083385384134915,259.14398761396865
class-transformation,0.9116177389131792,262.1470689064107
class-transformation,0.914896939412867,263.7227063044593
class-transformation,0.9181761399125546,263.08380173735316
class-transformation,0.9214553404122423,264.51068883610446
class-transformation,0.9247345409119301,266.9352712523238
class-transformation,0.9280137414116177,266.5094339622642
class-transformation,0.9312929419113054,266.72306143001003
class-transformation,0.9345721424109932,268.5081967213115
class-transformation,0.9378513429106808,268.1469510163279
class-transformation,0.9411305434103685,268.9355695782133
class-transformation,0.9444097439100562,269.4433399602385
class-transformation,0.9476889444097439,272.29995050321725
class-transformation,0.9509681449094316,275.303189740217
class-transformation,0.9542473454091193,273.3011633622808
class-transformation,0.957526545908807,275.0891719745223
class-transformation,0.9608057464084947,273.29715215622446
class-transformation,0.9640849469081824,272.227398149651
class-transformation,0.9673641474078701,270.93911917098444
class-transformation,0.9706433479075578,273.1490803484995
class-transformation,0.9739225484072455,269.92376970086843
class-transformation,0.9772017489069331,275.7229881372234
class-transformation,0.9804809494066209,279.5869391665336
class-transformation,0.9837601499063086,279.9525553255852
class-transformation,0.9870393504059962,282.1732508329367
class-transformation,0.990318550905684,285.81365576102417
class-transformation,0.9935977514053717,287.0275633958104
class-transformation,0.9968769519050593,290.032967032967
